Target_Year	Target_Month	Target_Day	Target	Target_Page	Source_Year	Source_Month	Source_Day	Source	Source_Page
1804	1	7	JacksonsOxfordJournal	1	1804	1	5	CaledonianMercury	2
1804	1	7	TheIpswichJournal	2	1804	1	5	TrewmansExeterFlyingPost	4
1804	1	10	TheHullPacket	4	1804	1	7	JacksonsOxfordJournal	4
1804	2	9	TheDerbyMercury	4	1804	2	7	TheHullPacket	4
1804	3	15	TheDerbyMercury	1	1804	3	10	JacksonsOxfordJournal	2
1804	3	22	TrewmansExeterFlyingPost	3	1804	3	15	TheDerbyMercury	1
1804	3	31	JacksonsOxfordJournal	4	1804	3	15	TrewmansExeterFlyingPost	3
1804	4	5	TheDerbyMercury	1	1804	3	24	JacksonsOxfordJournal	1
1804	4	5	TheDerbyMercury	4	1804	3	15	TrewmansExeterFlyingPost	3
1804	4	5	TrewmansExeterFlyingPost	3	1804	3	31	JacksonsOxfordJournal	1
1804	4	7	JacksonsOxfordJournal	4	1804	4	5	TrewmansExeterFlyingPost	2
1804	4	7	TheIpswichJournal	4	1804	3	31	JacksonsOxfordJournal	1
1804	4	12	TheDerbyMercury	4	1804	4	9	CaledonianMercury	2
1804	4	14	JacksonsOxfordJournal	1	1804	4	10	TheMorningChronicle	2
1804	4	19	TrewmansExeterFlyingPost	3	1804	3	31	JacksonsOxfordJournal	4
1804	4	28	JacksonsOxfordJournal	4	1804	4	19	TrewmansExeterFlyingPost	3
1804	5	3	TrewmansExeterFlyingPost	3	1804	4	28	JacksonsOxfordJournal	4
1804	5	10	TrewmansExeterFlyingPost	3	1804	5	5	JacksonsOxfordJournal	4
1804	6	12	TheHullPacket	1	1804	4	7	TheIpswichJournal	4
1804	6	21	TheDerbyMercury	1	1804	3	31	JacksonsOxfordJournal	1
1804	6	23	JacksonsOxfordJournal	1	1804	6	21	TheDerbyMercury	1
1804	6	26	TheHullPacket	1	1804	6	23	JacksonsOxfordJournal	1
1804	6	28	TheDerbyMercury	1	1804	6	23	JacksonsOxfordJournal	1
1804	6	30	JacksonsOxfordJournal	4	1804	6	28	TheDerbyMercury	1
1804	6	30	TheIpswichJournal	3	1804	6	23	JacksonsOxfordJournal	1
1804	7	2	HampshireTelegraphandSussexChronicleetc	1	1804	6	23	JacksonsOxfordJournal	1
1804	7	4	TheAberdeenJournal	1	1804	6	23	JacksonsOxfordJournal	1
1804	7	7	JacksonsOxfordJournal	4	1804	7	3	TheHullPacket	1
1804	1	5	CaledonianMercury	2	1804	1	2	TheMorningChronicle	3
1804	1	7	CaledonianMercury	2	1804	1	4	TheMorningChronicle	2
1804	1	7	CaledonianMercury	3	1804	1	4	TheAberdeenJournal	4
1804	1	7	JacksonsOxfordJournal	2	1804	1	4	TheMorningChronicle	2
1804	1	7	TheIpswichJournal	1	1804	1	5	CaledonianMercury	2
1804	1	9	CaledonianMercury	3	1804	1	4	TheMorningChronicle	2
1804	1	9	HampshireTelegraphandSussexChronicleetc	4	1804	1	7	JacksonsOxfordJournal	2
1804	1	9	MorningChronicle	2	1804	1	7	CobbettsAnnualRegister	15
1804	1	10	MorningChronicle	3	1804	1	7	CobbettsAnnualRegister	12
1804	1	11	TheAberdeenJournal	2	1804	1	7	TheIpswichJournal	4
1804	1	11	TheAberdeenJournal	3	1804	1	7	TheIpswichJournal	2
1804	1	12	CaledonianMercury	4	1804	1	9	TheMorningChronicle	2
1804	1	12	TrewmansExeterFlyingPost	2	1804	1	7	CaledonianMercury	3
1804	1	14	CaledonianMercury	2	1804	1	12	TheMorningChronicle	1
1804	1	14	JacksonsOxfordJournal	1	1804	1	10	TheMorningChronicle	2
1804	1	14	JacksonsOxfordJournal	2	1804	1	12	TheMorningChronicle	1
1804	1	14	JacksonsOxfordJournal	4	1804	1	12	TheDerbyMercury	2
1804	1	16	CaledonianMercury	2	1804	1	13	TheMorningChronicle	3
1804	1	17	TheHullPacket	4	1804	1	7	JacksonsOxfordJournal	4
1804	1	18	TheAberdeenJournal	2	1804	1	7	JacksonsOxfordJournal	4
1804	1	18	MorningChronicle	2	1804	1	14	CobbettsAnnualRegister	11
1804	1	19	CaledonianMercury	2	1804	1	14	TheMorningChronicle	2
1804	1	19	TheDerbyMercury	2	1804	1	14	TheMorningChronicle	2
1804	1	19	TheDerbyMercury	4	1804	1	14	TheMorningChronicle	4
1804	1	19	TrewmansExeterFlyingPost	1	1804	1	16	CaledonianMercury	2
1804	1	19	TrewmansExeterFlyingPost	2	1804	1	16	CaledonianMercury	2
1804	1	19	TrewmansExeterFlyingPost	4	1804	1	17	TheMorningChronicle	2
1804	1	21	CaledonianMercury	2	1804	1	19	TrewmansExeterFlyingPost	4
1804	1	21	JacksonsOxfordJournal	1	1804	1	19	TrewmansExeterFlyingPost	4
1804	1	21	JacksonsOxfordJournal	2	1804	1	18	TheMorningChronicle	3
1804	1	21	JacksonsOxfordJournal	4	1804	1	17	TheMorningChronicle	3
1804	1	21	TheIpswichJournal	2	1804	1	18	TheMorningChronicle	3
1804	1	23	CaledonianMercury	2	1804	1	14	CobbettsAnnualRegister	13
1804	1	23	CaledonianMercury	4	1804	1	18	TheMorningChronicle	3
1804	1	23	HampshireTelegraphandSussexChronicleetc	1	1804	1	19	TrewmansExeterFlyingPost	2
1804	1	23	HampshireTelegraphandSussexChronicleetc	2	1804	1	18	TheMorningChronicle	3
1804	1	24	TheHullPacket	4	1804	1	21	JacksonsOxfordJournal	2
1804	1	25	TheAberdeenJournal	2	1804	1	19	CaledonianMercury	4
1804	1	25	TheAberdeenJournal	3	1804	1	18	TheMorningChronicle	3
1804	1	26	CaledonianMercury	2	1804	1	20	TheMorningChronicle	2
1804	1	26	TheDerbyMercury	1	1804	1	21	JacksonsOxfordJournal	3
1804	1	26	TheDerbyMercury	2	1804	1	21	JacksonsOxfordJournal	3
1804	1	26	TheDerbyMercury	4	1804	1	18	TheMorningChronicle	3
1804	1	26	TrewmansExeterFlyingPost	2	1804	1	20	TheMorningChronicle	3
1804	1	26	TrewmansExeterFlyingPost	4	1804	1	24	TheMorningChronicle	2
1804	1	28	CaledonianMercury	2	1804	1	26	TrewmansExeterFlyingPost	4
1804	1	28	JacksonsOxfordJournal	1	1804	1	24	TheMorningChronicle	2
1804	1	28	JacksonsOxfordJournal	2	1804	1	27	TheMorningChronicle	1
1804	1	28	TheIpswichJournal	4	1804	1	14	CobbettsAnnualRegister	11
1804	1	30	CaledonianMercury	2	1804	1	27	TheMorningChronicle	2
1804	1	30	CaledonianMercury	3	1804	1	28	CobbettsAnnualRegister	8
1804	1	30	CaledonianMercury	4	1804	1	14	TheMorningChronicle	4
1804	1	30	HampshireTelegraphandSussexChronicleetc	1	1804	1	19	TrewmansExeterFlyingPost	2
1804	1	30	HampshireTelegraphandSussexChronicleetc	2	1804	1	24	TheMorningChronicle	2
1804	1	30	HampshireTelegraphandSussexChronicleetc	4	1804	1	21	JacksonsOxfordJournal	2
1804	1	31	TheHullPacket	2	1804	1	28	JacksonsOxfordJournal	2
1804	1	31	TheHullPacket	4	1804	1	14	CobbettsAnnualRegister	11
1804	2	1	TheAberdeenJournal	2	1804	1	26	CaledonianMercury	4
1804	2	2	CaledonianMercury	2	1804	1	30	HampshireTelegraphandSussexChronicleetc	3
1804	2	2	CaledonianMercury	3	1804	1	30	TheMorningChronicle	3
1804	2	2	TrewmansExeterFlyingPost	4	1804	1	30	TheMorningChronicle	3
1804	2	4	CaledonianMercury	2	1804	2	1	TheMorningChronicle	2
1804	2	4	CaledonianMercury	3	1804	2	1	TheMorningChronicle	2
1804	2	4	CobbettsAnnualRegister	23	1804	1	30	TheMorningChronicle	2
1804	2	4	CobbettsAnnualRegister	27	1804	2	2	CaledonianMercury	2
1804	2	4	JacksonsOxfordJournal	1	1804	2	2	TrewmansExeterFlyingPost	4
1804	2	4	JacksonsOxfordJournal	2	1804	2	2	TheMorningChronicle	2
1804	2	4	JacksonsOxfordJournal	3	1804	2	3	TheMorningChronicle	3
1804	2	4	JacksonsOxfordJournal	4	1804	2	2	CaledonianMercury	2
1804	2	6	CaledonianMercury	2	1804	2	3	TheMorningChronicle	3
1804	2	6	CaledonianMercury	4	1804	1	28	TheMorningChronicle	3
1804	2	6	HampshireTelegraphandSussexChronicleetc	1	1804	1	19	TrewmansExeterFlyingPost	2
1804	2	6	HampshireTelegraphandSussexChronicleetc	4	1804	2	4	CaledonianMercury	2
1804	2	6	MorningChronicle	3	1804	2	4	CobbettsAnnualRegister	29
1804	2	7	TheHullPacket	1	1804	2	2	TrewmansExeterFlyingPost	4
1804	2	7	TheHullPacket	4	1804	2	2	CaledonianMercury	2
1804	2	7	MorningChronicle	3	1804	2	4	CobbettsAnnualRegister	31
1804	2	8	TheAberdeenJournal	2	1804	1	28	CaledonianMercury	4
1804	2	8	TheAberdeenJournal	3	1804	2	6	CaledonianMercury	4
1804	2	8	MorningChronicle	3	1804	2	4	CobbettsAnnualRegister	32
1804	2	9	CaledonianMercury	2	1804	2	6	TheMorningChronicle	2
1804	2	9	TrewmansExeterFlyingPost	2	1804	2	6	CaledonianMercury	2
1804	2	11	CaledonianMercury	2	1804	2	8	TheMorningChronicle	1
1804	2	11	CaledonianMercury	3	1804	2	8	TheMorningChronicle	2
1804	2	11	JacksonsOxfordJournal	2	1804	2	8	TheMorningChronicle	2
1804	2	11	JacksonsOxfordJournal	4	1804	2	8	TheMorningChronicle	2
1804	2	13	CaledonianMercury	3	1804	2	9	TheMorningChronicle	3
1804	2	13	HampshireTelegraphandSussexChronicleetc	2	1804	2	11	CaledonianMercury	2
1804	2	14	TheHullPacket	4	1804	2	9	CaledonianMercury	2
1804	2	15	TheAberdeenJournal	2	1804	2	9	CaledonianMercury	2
1804	2	15	TheAberdeenJournal	3	1804	2	9	CaledonianMercury	3
1804	2	16	TrewmansExeterFlyingPost	2	1804	2	11	JacksonsOxfordJournal	2
1804	2	18	CaledonianMercury	2	1804	2	14	TheMorningChronicle	2
1804	2	18	JacksonsOxfordJournal	1	1804	2	15	TheMorningChronicle	2
1804	2	18	JacksonsOxfordJournal	2	1804	2	15	TheMorningChronicle	2
1804	2	18	JacksonsOxfordJournal	4	1804	2	16	TheDerbyMercury	2
1804	2	20	CaledonianMercury	2	1804	2	18	JacksonsOxfordJournal	3
1804	2	21	TheHullPacket	3	1804	2	18	JacksonsOxfordJournal	2
1804	2	21	TheHullPacket	4	1804	2	18	TheIpswichJournal	4
1804	2	22	TheAberdeenJournal	3	1804	2	16	CaledonianMercury	3
1804	2	23	CaledonianMercury	2	1804	2	18	TheMorningChronicle	2
1804	2	23	MorningChronicle	1	1804	2	9	TheDerbyMercury	4
1804	2	25	JacksonsOxfordJournal	1	1804	2	23	TrewmansExeterFlyingPost	4
1804	2	25	JacksonsOxfordJournal	2	1804	2	18	CaledonianMercury	3
1804	2	25	JacksonsOxfordJournal	3	1804	2	24	TheMorningChronicle	3
1804	2	27	CaledonianMercury	2	1804	2	25	JacksonsOxfordJournal	3
1804	2	28	TheHullPacket	2	1804	2	25	JacksonsOxfordJournal	3
1804	2	28	TheHullPacket	4	1804	2	25	CaledonianMercury	2
1804	2	28	MorningChronicle	3	1804	2	25	CobbettsAnnualRegister	10
1804	2	28	MorningChronicle	4	1804	2	25	CobbettsAnnualRegister	11
1804	2	29	HampshireTelegraphandSussexChronicleetc	1	1804	2	9	TrewmansExeterFlyingPost	3
1804	2	29	HampshireTelegraphandSussexChronicleetc	2	1804	2	23	TrewmansExeterFlyingPost	4
1804	2	29	HampshireTelegraphandSussexChronicleetc	4	1804	2	23	CaledonianMercury	2
1804	2	29	TheAberdeenJournal	2	1804	2	25	CaledonianMercury	2
1804	2	29	TheAberdeenJournal	3	1804	2	25	TheIpswichJournal	4
1804	2	29	MorningChronicle	4	1804	2	18	TheIpswichJournal	1
1804	3	1	CaledonianMercury	2	1804	2	27	TheMorningChronicle	2
1804	3	1	TrewmansExeterFlyingPost	1	1804	2	27	CaledonianMercury	3
1804	3	1	TrewmansExeterFlyingPost	2	1804	2	27	CaledonianMercury	2
1804	3	3	CaledonianMercury	3	1804	2	28	TheMorningChronicle	4
1804	3	3	CobbettsAnnualRegister	31	1804	2	27	CaledonianMercury	2
1804	3	3	JacksonsOxfordJournal	3	1804	3	2	TheMorningChronicle	2
1804	3	3	TheIpswichJournal	1	1804	2	29	TheMorningChronicle	4
1804	3	5	CaledonianMercury	2	1804	3	3	JacksonsOxfordJournal	2
1804	3	5	CaledonianMercury	3	1804	3	3	TheIpswichJournal	2
1804	3	5	HampshireTelegraphandSussexChronicleetc	4	1804	3	1	TrewmansExeterFlyingPost	2
1804	3	6	TheHullPacket	2	1804	3	3	JacksonsOxfordJournal	3
1804	3	6	TheHullPacket	4	1804	3	1	CaledonianMercury	2
1804	3	6	MorningChronicle	1	1804	3	3	JacksonsOxfordJournal	2
1804	3	7	TheAberdeenJournal	2	1804	3	1	CaledonianMercury	3
1804	3	7	TheAberdeenJournal	3	1804	3	1	CaledonianMercury	3
1804	3	7	MorningChronicle	3	1804	3	3	CobbettsAnnualRegister	20
1804	3	8	CaledonianMercury	2	1804	3	5	HampshireTelegraphandSussexChronicleetc	3
1804	3	8	CaledonianMercury	3	1804	3	5	TheMorningChronicle	3
1804	3	8	CaledonianMercury	4	1804	2	22	TheAberdeenJournal	1
1804	3	8	TheDerbyMercury	1	1804	3	5	CaledonianMercury	3
1804	3	8	TrewmansExeterFlyingPost	2	1804	2	29	HampshireTelegraphandSussexChronicleetc	1
1804	3	10	CaledonianMercury	2	1804	3	7	TheMorningChronicle	3
1804	3	10	JacksonsOxfordJournal	2	1804	3	7	TheMorningChronicle	4
1804	3	10	JacksonsOxfordJournal	4	1804	3	5	TheMorningChronicle	3
1804	3	12	CaledonianMercury	3	1804	3	9	TheMorningChronicle	3
1804	3	12	HampshireTelegraphandSussexChronicleetc	2	1804	2	9	TrewmansExeterFlyingPost	3
1804	3	13	TheHullPacket	4	1804	3	8	CaledonianMercury	3
1804	3	14	TheAberdeenJournal	3	1804	3	10	CaledonianMercury	3
1804	3	15	CaledonianMercury	2	1804	3	10	TheMorningChronicle	2
1804	3	17	CaledonianMercury	2	1804	3	13	TheMorningChronicle	2
1804	3	17	CobbettsWeeklyPoliticalRegister	5	1804	3	15	TheMorningChronicle	3
1804	3	17	JacksonsOxfordJournal	1	1804	3	15	TrewmansExeterFlyingPost	3
1804	3	17	JacksonsOxfordJournal	2	1804	3	15	TheMorningChronicle	3
1804	3	17	JacksonsOxfordJournal	4	1804	3	15	CaledonianMercury	2
1804	3	19	CaledonianMercury	2	1804	3	15	TheMorningChronicle	1
1804	3	19	CaledonianMercury	4	1804	3	17	JacksonsOxfordJournal	3
1804	3	19	MorningChronicle	3	1804	3	17	JacksonsOxfordJournal	3
1804	3	21	TheAberdeenJournal	1	1804	3	8	CaledonianMercury	4
1804	3	21	TheAberdeenJournal	2	1804	3	15	CaledonianMercury	1
1804	3	21	TheAberdeenJournal	3	1804	3	15	CaledonianMercury	3
1804	3	22	CaledonianMercury	2	1804	3	19	TheMorningChronicle	3
1804	3	22	TheDerbyMercury	1	1804	3	17	TheMorningChronicle	3
1804	3	24	CaledonianMercury	2	1804	3	21	TheMorningChronicle	1
1804	3	24	CaledonianMercury	3	1804	3	22	TheMorningChronicle	2
1804	3	24	CobbettsWeeklyPoliticalRegister	8	1804	3	21	TheMorningChronicle	3
1804	3	24	CobbettsWeeklyPoliticalRegister	10	1804	3	21	TheMorningChronicle	3
1804	3	24	JacksonsOxfordJournal	4	1804	3	15	TrewmansExeterFlyingPost	3
1804	3	26	CaledonianMercury	2	1804	3	23	TheMorningChronicle	3
1804	3	26	CaledonianMercury	3	1804	3	23	TheMorningChronicle	3
1804	3	26	CaledonianMercury	4	1804	3	21	TheAberdeenJournal	1
1804	3	27	TheHullPacket	4	1804	3	22	CaledonianMercury	2
1804	3	28	TheAberdeenJournal	3	1804	3	22	CaledonianMercury	2
1804	3	29	CaledonianMercury	1	1804	3	21	TheAberdeenJournal	2
1804	3	29	CaledonianMercury	2	1804	3	26	TheMorningChronicle	2
1804	3	29	TheDerbyMercury	3	1804	3	24	JacksonsOxfordJournal	2
1804	3	29	TheDerbyMercury	4	1804	3	15	TrewmansExeterFlyingPost	3
1804	3	29	TrewmansExeterFlyingPost	1	1804	3	24	CaledonianMercury	3
1804	3	29	TrewmansExeterFlyingPost	2	1804	3	24	JacksonsOxfordJournal	2
1804	3	31	CaledonianMercury	2	1804	3	28	TheMorningChronicle	3
1804	4	2	CaledonianMercury	2	1804	3	30	TheMorningChronicle	3
1804	4	2	CaledonianMercury	3	1804	3	30	TheMorningChronicle	3
1804	4	3	TheHullPacket	4	1804	3	29	TrewmansExeterFlyingPost	3
1804	4	4	TheAberdeenJournal	2	1804	3	17	CaledonianMercury	1
1804	4	4	TheAberdeenJournal	3	1804	3	29	CaledonianMercury	2
1804	4	5	CaledonianMercury	2	1804	4	2	TheMorningChronicle	2
1804	4	5	TheDerbyMercury	3	1804	3	29	TrewmansExeterFlyingPost	2
1804	4	5	TrewmansExeterFlyingPost	2	1804	3	30	TheMorningChronicle	3
1804	4	5	TrewmansExeterFlyingPost	4	1804	4	3	TheMorningChronicle	2
1804	4	7	CaledonianMercury	2	1804	4	3	TheMorningChronicle	2
1804	4	7	CaledonianMercury	3	1804	4	4	TheMorningChronicle	2
1804	4	7	CobbettsWeeklyPoliticalRegister	8	1804	4	3	TheMorningChronicle	2
1804	4	7	CobbettsWeeklyPoliticalRegister	9	1804	4	3	TheMorningChronicle	2
1804	4	7	JacksonsOxfordJournal	1	1804	4	3	TheMorningChronicle	2
1804	4	7	JacksonsOxfordJournal	2	1804	4	5	TheDerbyMercury	1
1804	4	9	CaledonianMercury	2	1804	4	5	TheMorningChronicle	2
1804	4	9	CaledonianMercury	3	1804	4	6	TheMorningChronicle	3
1804	4	9	HampshireTelegraphandSussexChronicleetc	4	1804	4	7	JacksonsOxfordJournal	2
1804	4	10	TheHullPacket	1	1804	4	4	TheMorningChronicle	2
1804	4	10	TheHullPacket	2	1804	3	31	JacksonsOxfordJournal	1
1804	4	10	TheHullPacket	4	1804	4	5	TrewmansExeterFlyingPost	2
1804	4	12	CaledonianMercury	1	1804	4	7	JacksonsOxfordJournal	2
1804	4	12	CaledonianMercury	2	1804	3	21	TheAberdeenJournal	2
1804	4	12	TheDerbyMercury	1	1804	4	7	JacksonsOxfordJournal	2
1804	4	12	TrewmansExeterFlyingPost	2	1804	4	9	CaledonianMercury	2
1804	4	12	TrewmansExeterFlyingPost	4	1804	4	10	TheMorningChronicle	2
1804	4	14	CaledonianMercury	2	1804	4	10	TheMorningChronicle	2
1804	4	14	CaledonianMercury	3	1804	4	11	TheMorningChronicle	3
1804	4	14	CobbettsWeeklyPoliticalRegister	17	1804	4	12	CaledonianMercury	2
1804	4	14	CobbettsWeeklyPoliticalRegister	18	1804	4	12	CaledonianMercury	2
1804	4	14	CobbettsWeeklyPoliticalRegister	19	1804	4	12	CaledonianMercury	2
1804	4	14	JacksonsOxfordJournal	2	1804	4	11	TheMorningChronicle	1
1804	4	14	JacksonsOxfordJournal	4	1804	4	12	TheDerbyMercury	2
1804	4	16	CaledonianMercury	2	1804	4	14	TheMorningChronicle	3
1804	4	16	CaledonianMercury	3	1804	4	13	TheMorningChronicle	3
1804	4	16	HampshireTelegraphandSussexChronicleetc	1	1804	4	10	TheHullPacket	2
1804	4	16	HampshireTelegraphandSussexChronicleetc	4	1804	4	14	JacksonsOxfordJournal	2
1804	4	17	TheHullPacket	4	1804	4	14	CaledonianMercury	2
1804	4	19	TheDerbyMercury	4	1804	4	7	JacksonsOxfordJournal	4
1804	4	19	TrewmansExeterFlyingPost	1	1804	4	16	CaledonianMercury	3
1804	4	19	TrewmansExeterFlyingPost	2	1804	4	14	TheMorningChronicle	3
1804	4	19	TrewmansExeterFlyingPost	4	1804	4	16	TheMorningChronicle	2
1804	4	21	CaledonianMercury	2	1804	4	19	TheMorningChronicle	3
1804	4	21	CaledonianMercury	3	1804	4	17	TheMorningChronicle	3
1804	4	21	JacksonsOxfordJournal	2	1804	4	18	TheMorningChronicle	3
1804	4	21	JacksonsOxfordJournal	4	1804	4	12	TrewmansExeterFlyingPost	3
1804	4	21	TheIpswichJournal	4	1804	4	19	TrewmansExeterFlyingPost	3
1804	4	23	CaledonianMercury	3	1804	4	7	TheMorningChronicle	4
1804	4	25	TheAberdeenJournal	2	1804	4	2	CaledonianMercury	4
1804	4	25	TheAberdeenJournal	3	1804	4	21	CaledonianMercury	2
1804	4	26	CaledonianMercury	2	1804	4	23	TheMorningChronicle	2
1804	4	26	CaledonianMercury	3	1804	4	23	TheMorningChronicle	3
1804	4	26	TrewmansExeterFlyingPost	1	1804	4	21	CaledonianMercury	2
1804	4	26	TrewmansExeterFlyingPost	2	1804	4	23	TheMorningChronicle	2
1804	4	26	TrewmansExeterFlyingPost	4	1804	4	23	TheMorningChronicle	3
1804	4	28	CobbettsWeeklyPoliticalRegister	10	1804	4	26	TrewmansExeterFlyingPost	4
1804	4	28	JacksonsOxfordJournal	2	1804	4	16	CaledonianMercury	3
1804	4	28	TheIpswichJournal	4	1804	4	26	CaledonianMercury	2
1804	4	30	CaledonianMercury	2	1804	4	28	JacksonsOxfordJournal	2
1804	4	30	CaledonianMercury	3	1804	4	28	TheIpswichJournal	2
1804	4	30	HampshireTelegraphandSussexChronicleetc	4	1804	4	28	JacksonsOxfordJournal	2
1804	5	1	TheHullPacket	1	1804	4	26	CaledonianMercury	3
1804	5	1	TheHullPacket	4	1804	4	26	CaledonianMercury	2
1804	5	3	CaledonianMercury	2	1804	4	30	TheMorningChronicle	2
1804	5	3	CaledonianMercury	3	1804	5	1	TheMorningChronicle	3
1804	5	3	TheDerbyMercury	1	1804	4	30	CaledonianMercury	3
1804	5	3	TheDerbyMercury	4	1804	4	19	TrewmansExeterFlyingPost	2
1804	5	5	CaledonianMercury	3	1804	5	2	TheMorningChronicle	2
1804	5	5	CobbettsWeeklyPoliticalRegister	18	1804	5	2	TheMorningChronicle	2
1804	5	5	CobbettsWeeklyPoliticalRegister	19	1804	5	2	TheMorningChronicle	2
1804	5	5	CobbettsWeeklyPoliticalRegister	20	1804	5	2	TheMorningChronicle	2
1804	5	5	JacksonsOxfordJournal	1	1804	5	1	TheMorningChronicle	2
1804	5	5	JacksonsOxfordJournal	2	1804	5	1	TheMorningChronicle	3
1804	5	5	JacksonsOxfordJournal	4	1804	5	3	CaledonianMercury	2
1804	5	7	CaledonianMercury	2	1804	5	5	CobbettsWeeklyPoliticalRegister	20
1804	5	7	CaledonianMercury	3	1804	5	5	JacksonsOxfordJournal	2
1804	5	7	HampshireTelegraphandSussexChronicleetc	2	1804	5	5	CaledonianMercury	3
1804	5	7	HampshireTelegraphandSussexChronicleetc	4	1804	5	5	CaledonianMercury	2
1804	5	8	TheHullPacket	1	1804	5	5	JacksonsOxfordJournal	2
1804	5	8	TheHullPacket	4	1804	5	5	CaledonianMercury	3
1804	5	10	TheDerbyMercury	1	1804	5	5	JacksonsOxfordJournal	2
1804	5	10	TheDerbyMercury	4	1804	5	2	TheMorningChronicle	2
1804	5	10	TrewmansExeterFlyingPost	2	1804	5	5	JacksonsOxfordJournal	2
1804	5	12	CaledonianMercury	2	1804	5	9	TheMorningChronicle	3
1804	5	12	CobbettsWeeklyPoliticalRegister	11	1804	5	3	CaledonianMercury	2
1804	5	12	JacksonsOxfordJournal	1	1804	5	9	TheMorningChronicle	3
1804	5	12	JacksonsOxfordJournal	2	1804	5	9	TheMorningChronicle	2
1804	5	14	CaledonianMercury	2	1804	5	12	TheMorningChronicle	2
1804	5	14	CaledonianMercury	3	1804	5	11	TheMorningChronicle	3
1804	5	14	HampshireTelegraphandSussexChronicleetc	4	1804	5	12	CaledonianMercury	2
1804	5	15	TheHullPacket	1	1804	5	5	JacksonsOxfordJournal	4
1804	5	16	TheAberdeenJournal	3	1804	5	7	CaledonianMercury	3
1804	5	17	CaledonianMercury	2	1804	5	14	TheMorningChronicle	2
1804	5	17	TheDerbyMercury	1	1804	5	12	CaledonianMercury	2
1804	5	17	TheDerbyMercury	4	1804	5	5	JacksonsOxfordJournal	4
1804	5	19	CobbettsWeeklyPoliticalRegister	5	1804	5	17	CaledonianMercury	2
1804	5	19	CobbettsWeeklyPoliticalRegister	6	1804	5	17	CaledonianMercury	2
1804	5	19	CobbettsWeeklyPoliticalRegister	8	1804	5	2	TheMorningChronicle	3
1804	5	19	JacksonsOxfordJournal	1	1804	5	15	TheMorningChronicle	2
1804	5	19	JacksonsOxfordJournal	2	1804	5	17	TheMorningChronicle	2
1804	5	19	JacksonsOxfordJournal	4	1804	5	17	TheDerbyMercury	2
1804	5	21	CaledonianMercury	2	1804	5	12	JacksonsOxfordJournal	2
1804	5	21	HampshireTelegraphandSussexChronicleetc	2	1804	5	19	JacksonsOxfordJournal	2
1804	5	22	TheHullPacket	4	1804	5	19	JacksonsOxfordJournal	2
1804	5	23	TheAberdeenJournal	1	1804	4	7	JacksonsOxfordJournal	2
1804	5	23	TheAberdeenJournal	2	1804	5	21	CaledonianMercury	3
1804	5	23	TheAberdeenJournal	3	1804	5	17	CaledonianMercury	2
1804	5	24	CaledonianMercury	2	1804	5	21	TheMorningChronicle	3
1804	5	24	CaledonianMercury	3	1804	5	21	TheMorningChronicle	2
1804	5	24	TheDerbyMercury	2	1804	5	19	TheMorningChronicle	3
1804	5	24	TheDerbyMercury	4	1804	5	19	JacksonsOxfordJournal	2
1804	5	24	TrewmansExeterFlyingPost	1	1804	5	21	CaledonianMercury	2
1804	5	24	TrewmansExeterFlyingPost	4	1804	5	23	TheMorningChronicle	2
1804	5	26	CaledonianMercury	2	1804	5	21	TheMorningChronicle	2
1804	5	26	CaledonianMercury	3	1804	5	21	HampshireTelegraphandSussexChronicleetc	3
1804	5	26	CobbettsWeeklyPoliticalRegister	7	1804	5	18	TheMorningChronicle	3
1804	5	26	CobbettsWeeklyPoliticalRegister	8	1804	5	21	TheMorningChronicle	2
1804	5	26	CobbettsWeeklyPoliticalRegister	10	1804	5	21	TheMorningChronicle	3
1804	5	26	CobbettsWeeklyPoliticalRegister	12	1804	5	18	TheMorningChronicle	2
1804	5	26	JacksonsOxfordJournal	2	1804	5	23	TheMorningChronicle	2
1804	5	26	JacksonsOxfordJournal	4	1804	5	24	CaledonianMercury	3
1804	5	26	TheIpswichJournal	4	1804	5	23	TheMorningChronicle	2
1804	5	28	CaledonianMercury	1	1804	5	26	JacksonsOxfordJournal	2
1804	5	28	CaledonianMercury	2	1804	5	25	TheMorningChronicle	2
1804	5	28	CaledonianMercury	3	1804	5	25	TheMorningChronicle	2
1804	5	28	HampshireTelegraphandSussexChronicleetc	1	1804	3	31	JacksonsOxfordJournal	4
1804	5	28	HampshireTelegraphandSussexChronicleetc	2	1804	5	26	CaledonianMercury	3
1804	5	28	HampshireTelegraphandSussexChronicleetc	4	1804	5	26	CaledonianMercury	2
1804	5	29	TheHullPacket	4	1804	5	26	CaledonianMercury	2
1804	5	31	CaledonianMercury	3	1804	5	28	TheMorningChronicle	3
1804	5	31	TheDerbyMercury	2	1804	5	26	JacksonsOxfordJournal	2
1804	5	31	TrewmansExeterFlyingPost	2	1804	5	26	CaledonianMercury	2
1804	5	31	TrewmansExeterFlyingPost	3	1804	5	26	JacksonsOxfordJournal	2
1804	6	2	CaledonianMercury	2	1804	5	29	TheMorningChronicle	2
1804	6	2	CobbettsWeeklyPoliticalRegister	15	1804	5	25	TheMorningChronicle	3
1804	6	2	JacksonsOxfordJournal	1	1804	5	29	TheMorningChronicle	2
1804	6	2	JacksonsOxfordJournal	2	1804	5	31	TheMorningChronicle	4
1804	6	2	JacksonsOxfordJournal	4	1804	5	31	CaledonianMercury	3
1804	6	4	CaledonianMercury	4	1804	3	31	JacksonsOxfordJournal	2
1804	6	4	HampshireTelegraphandSussexChronicleetc	1	1804	3	31	JacksonsOxfordJournal	4
1804	6	4	HampshireTelegraphandSussexChronicleetc	2	1804	6	2	JacksonsOxfordJournal	2
1804	6	4	HampshireTelegraphandSussexChronicleetc	4	1804	6	2	JacksonsOxfordJournal	4
1804	6	5	TheHullPacket	4	1804	6	2	JacksonsOxfordJournal	4
1804	6	6	TheAberdeenJournal	2	1804	5	28	CaledonianMercury	1
1804	6	6	TheAberdeenJournal	3	1804	6	4	CaledonianMercury	1
1804	6	6	TheAberdeenJournal	4	1804	5	31	CaledonianMercury	3
1804	6	7	TheDerbyMercury	1	1804	6	2	JacksonsOxfordJournal	2
1804	6	7	TrewmansExeterFlyingPost	1	1804	6	2	JacksonsOxfordJournal	2
1804	6	9	CobbettsWeeklyPoliticalRegister	18	1804	6	4	CaledonianMercury	3
1804	6	9	CobbettsWeeklyPoliticalRegister	19	1804	6	2	TheMorningChronicle	2
1804	6	9	CobbettsWeeklyPoliticalRegister	20	1804	6	7	CaledonianMercury	4
1804	6	9	CobbettsWeeklyPoliticalRegister	21	1804	6	7	CaledonianMercury	2
1804	6	9	CobbettsWeeklyPoliticalRegister	22	1804	6	7	CaledonianMercury	2
1804	6	9	CobbettsWeeklyPoliticalRegister	29	1804	6	6	TheMorningChronicle	2
1804	6	9	JacksonsOxfordJournal	1	1804	6	7	CaledonianMercury	2
1804	6	11	HampshireTelegraphandSussexChronicleetc	1	1804	4	19	TrewmansExeterFlyingPost	3
1804	6	11	HampshireTelegraphandSussexChronicleetc	2	1804	6	9	JacksonsOxfordJournal	2
1804	6	11	HampshireTelegraphandSussexChronicleetc	4	1804	6	7	CaledonianMercury	2
1804	6	12	TheHullPacket	4	1804	6	9	JacksonsOxfordJournal	4
1804	6	13	TheAberdeenJournal	2	1804	6	9	JacksonsOxfordJournal	2
1804	6	13	TheAberdeenJournal	3	1804	6	7	CaledonianMercury	3
1804	6	14	CaledonianMercury	2	1804	6	9	TheMorningChronicle	3
1804	6	14	TrewmansExeterFlyingPost	1	1804	6	9	JacksonsOxfordJournal	3
1804	6	14	TrewmansExeterFlyingPost	2	1804	6	9	CaledonianMercury	3
1804	6	14	TrewmansExeterFlyingPost	3	1804	3	12	HampshireTelegraphandSussexChronicleetc	2
1804	6	16	CaledonianMercury	2	1804	6	12	TheMorningChronicle	2
1804	6	16	CaledonianMercury	3	1804	6	14	TheMorningChronicle	3
1804	6	16	JacksonsOxfordJournal	4	1804	6	11	CaledonianMercury	3
1804	6	18	CaledonianMercury	3	1804	4	19	TheDerbyMercury	4
1804	6	18	HampshireTelegraphandSussexChronicleetc	4	1804	6	16	JacksonsOxfordJournal	4
1804	6	20	TheAberdeenJournal	3	1804	6	16	CaledonianMercury	3
1804	6	21	CaledonianMercury	2	1804	6	16	TheMorningChronicle	2
1804	6	21	CaledonianMercury	3	1804	6	19	TheMorningChronicle	4
1804	6	21	TrewmansExeterFlyingPost	2	1804	6	16	JacksonsOxfordJournal	2
1804	6	21	TrewmansExeterFlyingPost	3	1804	5	12	JacksonsOxfordJournal	4
1804	6	23	CobbettsWeeklyPoliticalRegister	1	1804	6	20	TheMorningChronicle	2
1804	6	23	CobbettsWeeklyPoliticalRegister	4	1804	6	20	TheAberdeenJournal	2
1804	6	23	CobbettsWeeklyPoliticalRegister	5	1804	6	20	TheAberdeenJournal	2
1804	6	23	JacksonsOxfordJournal	4	1804	6	21	CaledonianMercury	3
1804	6	25	CaledonianMercury	3	1804	6	23	JacksonsOxfordJournal	3
1804	6	25	HampshireTelegraphandSussexChronicleetc	4	1804	6	18	TheMorningChronicle	3
1804	6	26	TheHullPacket	4	1804	6	25	HampshireTelegraphandSussexChronicleetc	4
1804	6	27	TheAberdeenJournal	2	1804	6	21	CaledonianMercury	3
1804	6	27	TheAberdeenJournal	3	1804	6	18	CaledonianMercury	3
1804	6	28	TheDerbyMercury	4	1804	5	5	JacksonsOxfordJournal	4
1804	6	30	CaledonianMercury	3	1804	6	27	TheMorningChronicle	2
1804	6	30	CobbettsWeeklyPoliticalRegister	2	1804	6	25	CaledonianMercury	2
1804	6	30	CobbettsWeeklyPoliticalRegister	4	1804	6	28	CaledonianMercury	3
1804	6	30	CobbettsWeeklyPoliticalRegister	5	1804	6	28	CaledonianMercury	3
1804	6	30	CobbettsWeeklyPoliticalRegister	14	1804	6	23	JacksonsOxfordJournal	4
1804	6	30	JacksonsOxfordJournal	1	1804	6	27	TheMorningChronicle	2
1804	7	2	CaledonianMercury	2	1804	6	30	JacksonsOxfordJournal	3
1804	7	2	HampshireTelegraphandSussexChronicleetc	2	1804	6	30	CaledonianMercury	3
1804	7	3	TheHullPacket	1	1804	6	23	JacksonsOxfordJournal	1
1804	7	3	TheHullPacket	4	1804	6	30	CobbettsWeeklyPoliticalRegister	5
1804	7	4	TheAberdeenJournal	2	1804	6	28	CaledonianMercury	2
1804	7	4	TheAberdeenJournal	3	1804	6	30	CaledonianMercury	3
1804	7	5	CaledonianMercury	2	1804	7	3	TheMorningChronicle	3
1804	7	5	TheDerbyMercury	1	1804	6	23	JacksonsOxfordJournal	1
1804	7	5	TheDerbyMercury	2	1804	4	9	CaledonianMercury	4
1804	7	5	TheDerbyMercury	4	1804	7	2	CaledonianMercury	2
1804	7	5	TrewmansExeterFlyingPost	1	1804	7	2	CaledonianMercury	2
1804	7	7	CaledonianMercury	3	1804	7	5	TheDerbyMercury	3
1804	7	7	CobbettsWeeklyPoliticalRegister	15	1804	7	5	CaledonianMercury	2
1804	7	7	JacksonsOxfordJournal	1	1804	7	5	TheDerbyMercury	3
1804	7	7	MorningChronicle	4	1804	6	30	JacksonsOxfordJournal	3
1804	7	9	CaledonianMercury	2	1804	7	7	JacksonsOxfordJournal	3
1804	7	9	CaledonianMercury	3	1804	7	7	TheMorningChronicle	2
1804	7	9	HampshireTelegraphandSussexChronicleetc	1	1804	7	7	JacksonsOxfordJournal	4
1804	7	9	HampshireTelegraphandSussexChronicleetc	2	1804	7	4	TheMorningChronicle	2
1804	7	9	HampshireTelegraphandSussexChronicleetc	4	1804	7	5	CaledonianMercury	2
1804	7	10	TheHullPacket	4	1804	7	9	CaledonianMercury	3
1804	7	11	TheAberdeenJournal	1	1804	6	23	JacksonsOxfordJournal	1
1804	7	11	TheAberdeenJournal	2	1804	7	5	CaledonianMercury	2
1804	7	11	TheAberdeenJournal	3	1804	7	7	CaledonianMercury	3
1804	7	12	CaledonianMercury	2	1804	7	9	TheMorningChronicle	2
1804	7	12	TheDerbyMercury	1	1804	4	9	CaledonianMercury	4
1804	7	12	TrewmansExeterFlyingPost	1	1804	7	9	CaledonianMercury	2
1804	7	14	CaledonianMercury	2	1804	7	11	TheMorningChronicle	3
1804	7	14	JacksonsOxfordJournal	4	1804	7	5	CaledonianMercury	3
1804	7	14	TheIpswichJournal	1	1804	7	12	CaledonianMercury	2
1804	7	14	TheIpswichJournal	4	1804	6	28	TheDerbyMercury	1
1804	7	16	CaledonianMercury	2	1804	7	14	TheIpswichJournal	2
1804	7	17	TheHullPacket	2	1804	7	16	CaledonianMercury	2
1804	7	17	TheHullPacket	3	1804	7	16	CaledonianMercury	3
1804	7	17	TheHullPacket	4	1804	7	14	CaledonianMercury	2
1804	7	19	CaledonianMercury	4	1804	7	4	TheAberdeenJournal	1
1804	7	19	TrewmansExeterFlyingPost	1	1804	7	17	TheHullPacket	2
1804	7	21	CaledonianMercury	2	1804	7	19	TrewmansExeterFlyingPost	4
1804	7	21	CaledonianMercury	3	1804	7	18	TheMorningChronicle	2
1804	7	21	CaledonianMercury	4	1804	7	4	TheAberdeenJournal	1
1804	7	21	JacksonsOxfordJournal	2	1804	7	19	TheMorningChronicle	3
1804	7	21	JacksonsOxfordJournal	4	1804	4	19	TrewmansExeterFlyingPost	3
1804	7	21	MorningChronicle	4	1804	6	30	JacksonsOxfordJournal	3
1804	7	23	CaledonianMercury	1	1804	7	21	JacksonsOxfordJournal	2
1804	7	23	CaledonianMercury	2	1804	7	20	TheMorningChronicle	3
1804	7	23	HampshireTelegraphandSussexChronicleetc	1	1804	7	21	JacksonsOxfordJournal	2
1804	7	23	HampshireTelegraphandSussexChronicleetc	2	1804	7	21	JacksonsOxfordJournal	2
1804	7	23	HampshireTelegraphandSussexChronicleetc	4	1804	7	21	TheMorningChronicle	1
1804	7	24	TheHullPacket	1	1804	7	21	JacksonsOxfordJournal	2
1804	7	25	TheAberdeenJournal	2	1804	7	19	CaledonianMercury	4
1804	7	25	TheAberdeenJournal	3	1804	7	16	CaledonianMercury	3
1804	7	26	CaledonianMercury	2	1804	7	23	TheMorningChronicle	2
1804	7	26	TheDerbyMercury	2	1804	7	23	TheMorningChronicle	3
1804	7	26	TheDerbyMercury	4	1804	1	19	TrewmansExeterFlyingPost	3
1804	7	26	TrewmansExeterFlyingPost	4	1804	7	25	TheMorningChronicle	1
1804	7	28	CaledonianMercury	2	1804	7	25	TheMorningChronicle	1
1804	7	28	JacksonsOxfordJournal	2	1804	7	25	TheMorningChronicle	1
1804	7	28	JacksonsOxfordJournal	4	1804	7	17	TheHullPacket	4
1804	7	30	CaledonianMercury	2	1804	7	27	TheMorningChronicle	1
1804	7	30	HampshireTelegraphandSussexChronicleetc	1	1804	7	25	TheMorningChronicle	2
1804	7	30	HampshireTelegraphandSussexChronicleetc	4	1804	7	25	TheMorningChronicle	1
1804	7	31	TheHullPacket	1	1804	7	26	TrewmansExeterFlyingPost	4
1804	7	31	TheHullPacket	4	1804	7	25	TheMorningChronicle	1
1804	8	1	TheAberdeenJournal	2	1804	7	28	CobbettsWeeklyPoliticalRegister	30
1804	8	1	TheAberdeenJournal	3	1804	7	30	HampshireTelegraphandSussexChronicleetc	4
1804	8	2	CaledonianMercury	2	1804	7	30	TheMorningChronicle	3
1804	8	2	TheDerbyMercury	1	1804	7	30	CaledonianMercury	2
1804	8	2	TheDerbyMercury	2	1804	7	30	TheMorningChronicle	2
1804	8	2	TheDerbyMercury	4	1804	5	17	TrewmansExeterFlyingPost	3
1804	8	2	TrewmansExeterFlyingPost	3	1804	7	7	JacksonsOxfordJournal	4
1804	8	4	CaledonianMercury	2	1804	8	1	TheMorningChronicle	2
1804	8	4	CobbettsWeeklyPoliticalRegister	13	1804	8	1	TheMorningChronicle	2
1804	8	4	JacksonsOxfordJournal	1	1804	8	1	TheMorningChronicle	2
1804	8	4	JacksonsOxfordJournal	3	1804	8	3	TheMorningChronicle	2
1804	8	4	JacksonsOxfordJournal	4	1804	7	30	TheMorningChronicle	2
1804	8	4	TheIpswichJournal	2	1804	8	2	TheMorningChronicle	3
1804	8	4	TheIpswichJournal	4	1804	7	27	TheMorningChronicle	3
1804	8	6	CaledonianMercury	2	1804	8	3	TheMorningChronicle	2
1804	8	6	HampshireTelegraphandSussexChronicleetc	1	1804	8	4	JacksonsOxfordJournal	1
1804	8	6	HampshireTelegraphandSussexChronicleetc	2	1804	8	4	CaledonianMercury	2
1804	8	6	HampshireTelegraphandSussexChronicleetc	4	1804	8	4	JacksonsOxfordJournal	4
1804	8	7	TheHullPacket	4	1804	8	4	CaledonianMercury	2
1804	8	8	TheAberdeenJournal	2	1804	8	2	CaledonianMercury	2
1804	8	8	TheAberdeenJournal	3	1804	8	2	CaledonianMercury	3
1804	8	9	CaledonianMercury	1	1804	7	4	TheAberdeenJournal	1
1804	8	9	CaledonianMercury	2	1804	8	7	TheMorningChronicle	2
1804	8	9	CaledonianMercury	3	1804	8	6	TheMorningChronicle	2
1804	8	9	TheDerbyMercury	2	1804	8	7	TheMorningChronicle	2
1804	8	9	TheDerbyMercury	4	1804	4	19	TrewmansExeterFlyingPost	3
1804	8	9	TrewmansExeterFlyingPost	1	1804	8	6	CaledonianMercury	2
1804	8	9	TrewmansExeterFlyingPost	3	1804	8	2	TheDerbyMercury	4
1804	8	9	TrewmansExeterFlyingPost	4	1804	8	8	TheMorningChronicle	1
1804	8	11	CaledonianMercury	2	1804	8	8	TheMorningChronicle	1
1804	8	11	JacksonsOxfordJournal	1	1804	8	7	TheMorningChronicle	2
1804	8	11	JacksonsOxfordJournal	2	1804	8	8	TheMorningChronicle	1
1804	8	11	JacksonsOxfordJournal	4	1804	8	9	CaledonianMercury	3
1804	8	13	CaledonianMercury	2	1804	8	11	JacksonsOxfordJournal	2
1804	8	13	HampshireTelegraphandSussexChronicleetc	1	1804	8	11	JacksonsOxfordJournal	2
1804	8	13	HampshireTelegraphandSussexChronicleetc	2	1804	8	11	CaledonianMercury	2
1804	8	13	HampshireTelegraphandSussexChronicleetc	4	1804	8	11	CaledonianMercury	2
1804	8	14	TheHullPacket	1	1804	8	11	JacksonsOxfordJournal	1
1804	8	14	TheHullPacket	4	1804	8	9	CaledonianMercury	2
1804	8	15	TheAberdeenJournal	2	1804	8	9	CaledonianMercury	2
1804	8	15	TheAberdeenJournal	3	1804	8	11	CaledonianMercury	2
1804	8	16	CaledonianMercury	2	1804	8	13	TheMorningChronicle	3
1804	8	16	TrewmansExeterFlyingPost	2	1804	8	13	CaledonianMercury	2
1804	8	18	CaledonianMercury	2	1804	8	16	TrewmansExeterFlyingPost	4
1804	8	18	JacksonsOxfordJournal	1	1804	8	16	TrewmansExeterFlyingPost	4
1804	8	18	JacksonsOxfordJournal	2	1804	8	16	TheMorningChronicle	3
1804	8	18	JacksonsOxfordJournal	4	1804	8	16	CaledonianMercury	2
1804	8	18	TheIpswichJournal	4	1804	8	13	TheMorningChronicle	3
1804	8	20	CaledonianMercury	1	1804	8	18	JacksonsOxfordJournal	3
1804	8	20	CaledonianMercury	2	1804	8	18	TheMorningChronicle	2
1804	8	20	HampshireTelegraphandSussexChronicleetc	1	1804	7	25	TheMorningChronicle	4
1804	8	21	TheHullPacket	3	1804	8	20	CaledonianMercury	3
1804	8	21	TheHullPacket	4	1804	8	18	CaledonianMercury	3
1804	8	22	TheAberdeenJournal	1	1804	8	14	TheHullPacket	2
1804	8	22	TheAberdeenJournal	2	1804	8	18	JacksonsOxfordJournal	4
1804	8	22	TheAberdeenJournal	3	1804	8	16	CaledonianMercury	3
1804	8	23	CaledonianMercury	2	1804	8	21	TheMorningChronicle	3
1804	8	23	CaledonianMercury	3	1804	8	20	TheMorningChronicle	2
1804	8	23	TheDerbyMercury	3	1804	8	18	JacksonsOxfordJournal	3
1804	8	23	TheDerbyMercury	4	1804	8	20	CaledonianMercury	2
1804	8	23	TrewmansExeterFlyingPost	1	1804	8	18	JacksonsOxfordJournal	3
1804	8	23	TrewmansExeterFlyingPost	2	1804	8	21	TheHullPacket	4
1804	8	25	CaledonianMercury	2	1804	8	22	TheMorningChronicle	2
1804	8	25	CaledonianMercury	3	1804	8	23	TheMorningChronicle	2
1804	8	25	CobbettsWeeklyPoliticalRegister	3	1804	7	21	TheMorningChronicle	1
1804	8	25	CobbettsWeeklyPoliticalRegister	4	1804	7	24	TheMorningChronicle	2
1804	8	25	CobbettsWeeklyPoliticalRegister	7	1804	7	28	CaledonianMercury	3
1804	8	25	CobbettsWeeklyPoliticalRegister	10	1804	7	27	TheMorningChronicle	2
1804	8	25	CobbettsWeeklyPoliticalRegister	14	1804	8	3	TheMorningChronicle	3
1804	8	25	CobbettsWeeklyPoliticalRegister	15	1804	8	4	TheMorningChronicle	2
1804	8	25	CobbettsWeeklyPoliticalRegister	16	1804	8	6	TheMorningChronicle	2
1804	8	25	CobbettsWeeklyPoliticalRegister	18	1804	8	8	TheMorningChronicle	2
1804	8	25	CobbettsWeeklyPoliticalRegister	20	1804	8	9	TheMorningChronicle	2
1804	8	25	CobbettsWeeklyPoliticalRegister	21	1804	8	10	TheMorningChronicle	2
1804	8	25	CobbettsWeeklyPoliticalRegister	22	1804	8	10	TheMorningChronicle	3
1804	8	25	JacksonsOxfordJournal	1	1804	8	22	TheMorningChronicle	3
1804	8	25	JacksonsOxfordJournal	2	1804	8	20	TheMorningChronicle	2
1804	8	25	JacksonsOxfordJournal	4	1804	8	23	CaledonianMercury	2
1804	8	25	TheIpswichJournal	2	1804	8	23	TheMorningChronicle	3
1804	8	27	CaledonianMercury	2	1804	8	25	JacksonsOxfordJournal	4
1804	8	27	CaledonianMercury	3	1804	8	25	TheMorningChronicle	3
1804	8	27	HampshireTelegraphandSussexChronicleetc	1	1804	8	20	TheMorningChronicle	3
1804	8	27	HampshireTelegraphandSussexChronicleetc	2	1804	8	25	CaledonianMercury	3
1804	8	27	HampshireTelegraphandSussexChronicleetc	3	1804	8	25	TheMorningChronicle	3
1804	8	27	HampshireTelegraphandSussexChronicleetc	4	1804	8	17	TheMorningChronicle	3
1804	8	28	TheHullPacket	3	1804	8	27	HampshireTelegraphandSussexChronicleetc	3
1804	8	28	TheHullPacket	4	1804	8	25	JacksonsOxfordJournal	4
1804	8	29	TheAberdeenJournal	1	1804	8	13	CaledonianMercury	4
1804	8	29	TheAberdeenJournal	2	1804	8	25	JacksonsOxfordJournal	4
1804	8	30	CaledonianMercury	3	1804	8	27	TheMorningChronicle	2
1804	8	30	TrewmansExeterFlyingPost	2	1804	8	27	CaledonianMercury	3
1804	8	30	TrewmansExeterFlyingPost	3	1804	8	2	TheDerbyMercury	4
1804	9	1	CaledonianMercury	2	1804	8	29	TheMorningChronicle	3
1804	9	1	CaledonianMercury	3	1804	8	29	TheMorningChronicle	2
1804	9	1	CaledonianMercury	4	1804	8	28	TheMorningChronicle	3
1804	9	1	CobbettsWeeklyPoliticalRegister	3	1804	8	22	TheMorningChronicle	2
1804	9	1	CobbettsWeeklyPoliticalRegister	4	1804	8	22	TheMorningChronicle	2
1804	9	1	CobbettsWeeklyPoliticalRegister	5	1804	8	22	TheMorningChronicle	2
1804	9	1	CobbettsWeeklyPoliticalRegister	6	1804	8	27	HampshireTelegraphandSussexChronicleetc	3
1804	9	1	JacksonsOxfordJournal	4	1804	8	27	TheMorningChronicle	3
1804	9	1	TheIpswichJournal	4	1804	4	17	TheHullPacket	4
1804	9	3	CaledonianMercury	1	1804	8	30	TrewmansExeterFlyingPost	2
1804	9	3	CaledonianMercury	2	1804	9	1	TheMorningChronicle	2
1804	9	3	HampshireTelegraphandSussexChronicleetc	2	1804	9	1	CaledonianMercury	3
1804	9	4	TheHullPacket	1	1804	9	3	HampshireTelegraphandSussexChronicleetc	4
1804	9	4	TheHullPacket	2	1804	9	3	CaledonianMercury	2
1804	9	4	TheHullPacket	4	1804	8	29	TheMorningChronicle	3
1804	9	5	TheAberdeenJournal	2	1804	8	30	TrewmansExeterFlyingPost	2
1804	9	5	TheAberdeenJournal	3	1804	8	30	CaledonianMercury	3
1804	9	6	CaledonianMercury	2	1804	9	3	TheMorningChronicle	2
1804	9	6	CaledonianMercury	3	1804	9	3	TheMorningChronicle	2
1804	9	6	TheDerbyMercury	1	1804	9	1	CaledonianMercury	3
1804	9	6	TheDerbyMercury	4	1804	9	3	CaledonianMercury	2
1804	9	6	TrewmansExeterFlyingPost	3	1804	8	2	TheDerbyMercury	4
1804	9	8	CaledonianMercury	2	1804	9	6	TheMorningChronicle	2
1804	9	8	CaledonianMercury	3	1804	9	5	TheMorningChronicle	3
1804	9	8	CobbettsWeeklyPoliticalRegister	4	1804	9	6	TheDerbyMercury	4
1804	9	8	JacksonsOxfordJournal	2	1804	9	6	TrewmansExeterFlyingPost	1
1804	9	8	TheIpswichJournal	2	1804	9	5	TheMorningChronicle	3
1804	9	10	CaledonianMercury	1	1804	9	3	HampshireTelegraphandSussexChronicleetc	1
1804	9	10	CaledonianMercury	2	1804	9	6	TheMorningChronicle	2
1804	9	10	HampshireTelegraphandSussexChronicleetc	1	1804	9	3	TheMorningChronicle	2
1804	9	10	HampshireTelegraphandSussexChronicleetc	2	1804	9	8	CaledonianMercury	3
1804	9	11	TheHullPacket	2	1804	9	8	JacksonsOxfordJournal	2
1804	9	11	TheHullPacket	4	1804	9	3	CaledonianMercury	2
1804	9	11	MorningChronicle	3	1804	9	10	HampshireTelegraphandSussexChronicleetc	3
1804	9	12	TheAberdeenJournal	1	1804	8	13	CaledonianMercury	4
1804	9	12	TheAberdeenJournal	2	1804	9	11	TheHullPacket	4
1804	9	12	TheAberdeenJournal	3	1804	9	6	CaledonianMercury	3
1804	9	13	CaledonianMercury	1	1804	9	10	HampshireTelegraphandSussexChronicleetc	1
1804	9	13	CaledonianMercury	2	1804	9	11	TheMorningChronicle	1
1804	9	13	TheDerbyMercury	4	1804	9	6	TheMorningChronicle	2
1804	9	15	CaledonianMercury	2	1804	9	13	TheMorningChronicle	2
1804	9	15	JacksonsOxfordJournal	4	1804	9	11	TheMorningChronicle	3
1804	9	17	CaledonianMercury	1	1804	8	9	TrewmansExeterFlyingPost	3
1804	9	17	HampshireTelegraphandSussexChronicleetc	1	1804	9	13	CaledonianMercury	1
1804	9	18	TheHullPacket	1	1804	6	23	JacksonsOxfordJournal	1
1804	9	18	TheHullPacket	2	1804	9	13	TheDerbyMercury	2
1804	9	18	TheHullPacket	4	1804	9	15	JacksonsOxfordJournal	4
1804	9	19	TheAberdeenJournal	2	1804	9	17	HampshireTelegraphandSussexChronicleetc	2
1804	9	19	TheAberdeenJournal	3	1804	9	8	CaledonianMercury	4
1804	9	20	TheDerbyMercury	4	1804	4	19	TrewmansExeterFlyingPost	3
1804	9	22	CobbettsWeeklyPoliticalRegister	5	1804	9	6	TheMorningChronicle	2
1804	9	22	JacksonsOxfordJournal	1	1804	3	15	TrewmansExeterFlyingPost	3
1804	9	22	JacksonsOxfordJournal	4	1804	6	28	TheDerbyMercury	1
1804	9	24	CaledonianMercury	1	1804	7	7	JacksonsOxfordJournal	4
1804	9	24	CaledonianMercury	3	1804	9	22	TheMorningChronicle	3
1804	9	24	HampshireTelegraphandSussexChronicleetc	2	1804	9	22	CaledonianMercury	3
1804	9	24	HampshireTelegraphandSussexChronicleetc	4	1804	9	15	JacksonsOxfordJournal	2
1804	9	25	TheHullPacket	1	1804	7	7	JacksonsOxfordJournal	4
1804	9	25	TheHullPacket	4	1804	9	22	JacksonsOxfordJournal	2
1804	9	26	TheAberdeenJournal	1	1804	9	10	CaledonianMercury	1
1804	9	26	TheAberdeenJournal	3	1804	9	17	CaledonianMercury	3
1804	9	26	MorningChronicle	2	1804	9	13	CaledonianMercury	1
1804	9	27	CaledonianMercury	1	1804	6	30	JacksonsOxfordJournal	4
1804	9	27	CaledonianMercury	2	1804	9	24	TheMorningChronicle	2
1804	9	27	TheDerbyMercury	1	1804	9	25	TheHullPacket	4
1804	9	27	TheDerbyMercury	4	1804	6	21	TrewmansExeterFlyingPost	3
1804	9	29	CaledonianMercury	2	1804	9	26	TheMorningChronicle	3
1804	9	29	CobbettsWeeklyPoliticalRegister	12	1804	8	25	CaledonianMercury	2
1804	9	29	CobbettsWeeklyPoliticalRegister	13	1804	8	25	CaledonianMercury	3
1804	9	29	CobbettsWeeklyPoliticalRegister	14	1804	8	22	TheMorningChronicle	3
1804	9	29	CobbettsWeeklyPoliticalRegister	21	1804	9	13	CaledonianMercury	2
1804	9	29	CobbettsWeeklyPoliticalRegister	22	1804	9	4	TheMorningChronicle	2
1804	9	29	JacksonsOxfordJournal	1	1804	9	27	CaledonianMercury	2
1804	9	29	JacksonsOxfordJournal	4	1804	9	25	TheHullPacket	4
1804	10	1	CaledonianMercury	2	1804	9	29	TheMorningChronicle	3
1804	10	1	CaledonianMercury	3	1804	9	29	JacksonsOxfordJournal	3
1804	10	1	HampshireTelegraphandSussexChronicleetc	2	1804	9	26	TheMorningChronicle	3
1804	10	1	HampshireTelegraphandSussexChronicleetc	4	1804	6	23	JacksonsOxfordJournal	1
1804	10	2	TheHullPacket	3	1804	9	29	JacksonsOxfordJournal	2
1804	10	2	TheHullPacket	4	1804	9	29	CaledonianMercury	2
1804	10	3	TheAberdeenJournal	2	1804	9	29	CaledonianMercury	4
1804	10	4	CaledonianMercury	2	1804	9	29	TheMorningChronicle	2
1804	10	4	CaledonianMercury	3	1804	10	2	TheMorningChronicle	2
1804	10	4	TheDerbyMercury	4	1804	10	1	CaledonianMercury	2
1804	10	4	TrewmansExeterFlyingPost	1	1804	10	1	CaledonianMercury	2
1804	10	4	TrewmansExeterFlyingPost	2	1804	10	1	CaledonianMercury	4
1804	10	4	TrewmansExeterFlyingPost	4	1804	10	2	TheMorningChronicle	2
1804	10	6	CaledonianMercury	2	1804	10	3	TheMorningChronicle	2
1804	10	6	CobbettsWeeklyPoliticalRegister	10	1804	10	4	CaledonianMercury	2
1804	10	6	CobbettsWeeklyPoliticalRegister	11	1804	10	4	CaledonianMercury	2
1804	10	6	CobbettsWeeklyPoliticalRegister	12	1804	9	29	TheMorningChronicle	2
1804	10	6	CobbettsWeeklyPoliticalRegister	13	1804	9	29	TheMorningChronicle	2
1804	10	6	CobbettsWeeklyPoliticalRegister	14	1804	9	29	TheMorningChronicle	1
1804	10	6	CobbettsWeeklyPoliticalRegister	15	1804	9	29	TheMorningChronicle	1
1804	10	6	JacksonsOxfordJournal	1	1804	10	4	TrewmansExeterFlyingPost	4
1804	10	6	JacksonsOxfordJournal	2	1804	10	4	TheDerbyMercury	4
1804	10	6	JacksonsOxfordJournal	4	1804	9	25	TheHullPacket	1
1804	10	8	HampshireTelegraphandSussexChronicleetc	2	1804	10	6	JacksonsOxfordJournal	2
1804	10	8	HampshireTelegraphandSussexChronicleetc	4	1804	6	23	JacksonsOxfordJournal	1
1804	10	9	TheHullPacket	4	1804	10	6	JacksonsOxfordJournal	4
1804	10	10	TheAberdeenJournal	2	1804	10	1	CaledonianMercury	3
1804	10	10	TheAberdeenJournal	3	1804	10	6	CaledonianMercury	3
1804	10	11	CaledonianMercury	2	1804	10	8	HampshireTelegraphandSussexChronicleetc	3
1804	10	11	TheDerbyMercury	2	1804	10	8	HampshireTelegraphandSussexChronicleetc	3
1804	10	11	TheDerbyMercury	4	1804	8	30	TrewmansExeterFlyingPost	3
1804	10	11	TrewmansExeterFlyingPost	1	1804	10	6	JacksonsOxfordJournal	2
1804	10	11	TrewmansExeterFlyingPost	2	1804	10	8	HampshireTelegraphandSussexChronicleetc	3
1804	10	11	TrewmansExeterFlyingPost	4	1804	10	9	TheMorningChronicle	3
1804	10	12	MorningChronicle	1	1804	10	11	TheDerbyMercury	4
1804	10	13	CaledonianMercury	2	1804	10	9	TheMorningChronicle	2
1804	10	13	CaledonianMercury	4	1804	10	10	TheAberdeenJournal	4
1804	10	13	JacksonsOxfordJournal	1	1804	10	9	TheMorningChronicle	2
1804	10	13	JacksonsOxfordJournal	2	1804	10	11	TheMorningChronicle	3
1804	10	13	JacksonsOxfordJournal	4	1804	10	11	CaledonianMercury	2
1804	10	13	TheIpswichJournal	4	1804	10	11	TrewmansExeterFlyingPost	4
1804	10	15	CaledonianMercury	2	1804	10	13	JacksonsOxfordJournal	2
1804	10	15	CaledonianMercury	3	1804	10	13	JacksonsOxfordJournal	2
1804	10	15	CaledonianMercury	4	1804	10	13	JacksonsOxfordJournal	2
1804	10	15	HampshireTelegraphandSussexChronicleetc	2	1804	10	13	CaledonianMercury	2
1804	10	15	HampshireTelegraphandSussexChronicleetc	3	1804	10	11	TheMorningChronicle	3
1804	10	16	TheHullPacket	4	1804	10	13	JacksonsOxfordJournal	2
1804	10	17	TheAberdeenJournal	1	1804	10	13	CaledonianMercury	4
1804	10	17	TheAberdeenJournal	2	1804	10	13	JacksonsOxfordJournal	2
1804	10	17	TheAberdeenJournal	3	1804	10	9	TheMorningChronicle	3
1804	10	18	CaledonianMercury	1	1804	5	26	JacksonsOxfordJournal	2
1804	10	18	CaledonianMercury	2	1804	10	15	TheMorningChronicle	2
1804	10	18	CaledonianMercury	4	1804	10	10	TheAberdeenJournal	4
1804	10	18	TheDerbyMercury	4	1804	5	5	JacksonsOxfordJournal	4
1804	10	18	TrewmansExeterFlyingPost	3	1804	10	11	TheDerbyMercury	4
1804	10	18	TrewmansExeterFlyingPost	4	1804	10	17	TheMorningChronicle	2
1804	10	20	CaledonianMercury	2	1804	10	17	TheMorningChronicle	2
1804	10	20	JacksonsOxfordJournal	1	1804	10	18	TrewmansExeterFlyingPost	4
1804	10	20	JacksonsOxfordJournal	2	1804	10	17	TheMorningChronicle	2
1804	10	20	JacksonsOxfordJournal	3	1804	10	15	CaledonianMercury	1
1804	10	20	JacksonsOxfordJournal	4	1804	10	18	CaledonianMercury	2
1804	10	20	TheIpswichJournal	2	1804	10	18	TheMorningChronicle	3
1804	10	22	CaledonianMercury	1	1804	10	20	JacksonsOxfordJournal	4
1804	10	22	CaledonianMercury	2	1804	10	20	TheMorningChronicle	3
1804	10	22	HampshireTelegraphandSussexChronicleetc	2	1804	10	18	TheMorningChronicle	2
1804	10	22	HampshireTelegraphandSussexChronicleetc	4	1804	10	17	TheMorningChronicle	2
1804	10	23	TheHullPacket	4	1804	10	17	TheMorningChronicle	2
1804	10	23	MorningChronicle	3	1804	10	22	HampshireTelegraphandSussexChronicleetc	3
1804	10	24	TheAberdeenJournal	1	1804	10	20	CaledonianMercury	4
1804	10	24	TheAberdeenJournal	2	1804	10	18	CaledonianMercury	4
1804	10	24	TheAberdeenJournal	3	1804	10	18	CaledonianMercury	3
1804	10	24	MorningChronicle	1	1804	9	13	CaledonianMercury	1
1804	10	25	CaledonianMercury	2	1804	10	19	TheMorningChronicle	2
1804	10	25	TheDerbyMercury	1	1804	10	20	JacksonsOxfordJournal	4
1804	10	25	TheDerbyMercury	2	1804	10	22	CaledonianMercury	2
1804	10	25	TheDerbyMercury	4	1804	4	19	TrewmansExeterFlyingPost	3
1804	10	25	TrewmansExeterFlyingPost	2	1804	10	22	CaledonianMercury	2
1804	10	25	TrewmansExeterFlyingPost	4	1804	10	24	TheMorningChronicle	2
1804	10	27	CaledonianMercury	2	1804	10	24	TheMorningChronicle	2
1804	10	27	CaledonianMercury	4	1804	10	10	TheAberdeenJournal	4
1804	10	27	CobbettsWeeklyPoliticalRegister	13	1804	10	12	TheMorningChronicle	2
1804	10	27	CobbettsWeeklyPoliticalRegister	14	1804	10	12	TheMorningChronicle	2
1804	10	27	CobbettsWeeklyPoliticalRegister	22	1804	10	24	TheMorningChronicle	3
1804	10	27	CobbettsWeeklyPoliticalRegister	26	1804	10	13	JacksonsOxfordJournal	2
1804	10	27	CobbettsWeeklyPoliticalRegister	27	1804	10	24	TheMorningChronicle	2
1804	10	27	JacksonsOxfordJournal	1	1804	10	25	CaledonianMercury	3
1804	10	27	JacksonsOxfordJournal	2	1804	10	24	TheMorningChronicle	2
1804	10	27	JacksonsOxfordJournal	3	1804	10	15	CaledonianMercury	1
1804	10	27	JacksonsOxfordJournal	4	1804	10	25	TheDerbyMercury	2
1804	10	27	TheIpswichJournal	4	1804	10	24	TheMorningChronicle	2
1804	10	29	CaledonianMercury	2	1804	10	27	TheMorningChronicle	2
1804	10	29	CaledonianMercury	4	1804	10	27	JacksonsOxfordJournal	3
1804	10	29	HampshireTelegraphandSussexChronicleetc	1	1804	10	25	TrewmansExeterFlyingPost	4
1804	10	29	HampshireTelegraphandSussexChronicleetc	2	1804	10	24	TheMorningChronicle	3
1804	10	29	HampshireTelegraphandSussexChronicleetc	4	1804	10	27	JacksonsOxfordJournal	2
1804	10	29	MorningChronicle	4	1804	10	27	JacksonsOxfordJournal	3
1804	10	30	TheHullPacket	4	1804	10	29	HampshireTelegraphandSussexChronicleetc	4
1804	10	31	TheAberdeenJournal	1	1804	10	27	CaledonianMercury	4
1804	10	31	TheAberdeenJournal	2	1804	10	29	HampshireTelegraphandSussexChronicleetc	4
1804	10	31	TheAberdeenJournal	3	1804	10	22	CaledonianMercury	2
1804	11	1	CaledonianMercury	2	1804	10	29	HampshireTelegraphandSussexChronicleetc	3
1804	11	1	TheDerbyMercury	1	1804	9	29	JacksonsOxfordJournal	4
1804	11	1	TheDerbyMercury	2	1804	10	30	TheMorningChronicle	2
1804	11	1	TheDerbyMercury	4	1804	10	6	JacksonsOxfordJournal	2
1804	11	1	MorningChronicle	1	1804	9	10	HampshireTelegraphandSussexChronicleetc	1
1804	11	1	TrewmansExeterFlyingPost	1	1804	10	29	HampshireTelegraphandSussexChronicleetc	2
1804	11	1	TrewmansExeterFlyingPost	2	1804	10	27	CaledonianMercury	2
1804	11	1	TrewmansExeterFlyingPost	3	1804	4	28	JacksonsOxfordJournal	4
1804	11	1	TrewmansExeterFlyingPost	4	1804	10	30	TheMorningChronicle	2
1804	11	3	CaledonianMercury	2	1804	10	31	TheMorningChronicle	2
1804	11	3	JacksonsOxfordJournal	1	1804	11	1	CaledonianMercury	2
1804	11	3	JacksonsOxfordJournal	2	1804	11	1	TrewmansExeterFlyingPost	4
1804	11	3	JacksonsOxfordJournal	3	1804	10	29	CaledonianMercury	4
1804	11	3	JacksonsOxfordJournal	4	1804	11	1	CaledonianMercury	2
1804	11	5	HampshireTelegraphandSussexChronicleetc	1	1804	11	3	JacksonsOxfordJournal	1
1804	11	5	HampshireTelegraphandSussexChronicleetc	2	1804	11	3	JacksonsOxfordJournal	2
1804	11	5	HampshireTelegraphandSussexChronicleetc	4	1804	11	3	JacksonsOxfordJournal	1
1804	11	5	TheHullPacket	4	1804	11	3	JacksonsOxfordJournal	4
1804	11	6	MorningChronicle	3	1804	11	5	HampshireTelegraphandSussexChronicleetc	3
1804	11	8	TheDerbyMercury	1	1804	11	3	JacksonsOxfordJournal	3
1804	11	8	TheDerbyMercury	4	1804	8	2	TrewmansExeterFlyingPost	3
1804	11	8	TrewmansExeterFlyingPost	1	1804	11	5	CaledonianMercury	3
1804	11	8	TrewmansExeterFlyingPost	2	1804	11	3	TheMorningChronicle	3
1804	11	8	TrewmansExeterFlyingPost	3	1804	10	11	TheDerbyMercury	4
1804	11	8	TrewmansExeterFlyingPost	4	1804	11	6	TheMorningChronicle	2
1804	11	9	MorningChronicle	4	1804	10	27	JacksonsOxfordJournal	3
1804	11	10	CaledonianMercury	2	1804	11	7	TheMorningChronicle	2
1804	11	10	JacksonsOxfordJournal	1	1804	11	8	TrewmansExeterFlyingPost	4
1804	11	10	JacksonsOxfordJournal	2	1804	11	7	TheMorningChronicle	2
1804	11	10	JacksonsOxfordJournal	3	1804	10	15	CaledonianMercury	1
1804	11	12	CaledonianMercury	2	1804	11	9	TheMorningChronicle	2
1804	11	12	HampshireTelegraphandSussexChronicleetc	2	1804	11	7	TheMorningChronicle	2
1804	11	12	MorningChronicle	4	1804	10	27	JacksonsOxfordJournal	3
1804	11	13	TheHullPacket	4	1804	11	10	JacksonsOxfordJournal	4
1804	11	14	TheAberdeenJournal	2	1804	11	10	CaledonianMercury	4
1804	11	14	TheAberdeenJournal	3	1804	11	10	CaledonianMercury	3
1804	11	14	MorningChronicle	3	1804	11	10	CobbettsWeeklyPoliticalRegister	13
1804	11	14	MorningChronicle	4	1804	11	10	JacksonsOxfordJournal	3
1804	11	15	CaledonianMercury	2	1804	11	12	TheMorningChronicle	2
1804	11	15	TheDerbyMercury	2	1804	11	14	TheMorningChronicle	2
1804	11	15	TrewmansExeterFlyingPost	1	1804	11	12	CaledonianMercury	2
1804	11	17	CaledonianMercury	2	1804	11	15	TheMorningChronicle	2
1804	11	17	CaledonianMercury	3	1804	11	14	TheMorningChronicle	2
1804	11	17	CaledonianMercury	4	1804	10	3	TheAberdeenJournal	1
1804	11	17	CobbettsWeeklyPoliticalRegister	9	1804	10	27	TheMorningChronicle	2
1804	11	17	CobbettsWeeklyPoliticalRegister	10	1804	10	27	TheMorningChronicle	2
1804	11	17	CobbettsWeeklyPoliticalRegister	11	1804	10	27	TheMorningChronicle	2
1804	11	17	CobbettsWeeklyPoliticalRegister	12	1804	10	30	TheMorningChronicle	2
1804	11	17	CobbettsWeeklyPoliticalRegister	13	1804	11	1	TrewmansExeterFlyingPost	2
1804	11	17	CobbettsWeeklyPoliticalRegister	18	1804	11	2	TheMorningChronicle	2
1804	11	17	CobbettsWeeklyPoliticalRegister	19	1804	11	2	TheMorningChronicle	2
1804	11	17	CobbettsWeeklyPoliticalRegister	22	1804	11	5	CaledonianMercury	2
1804	11	17	CobbettsWeeklyPoliticalRegister	23	1804	11	15	TheMorningChronicle	2
1804	11	17	JacksonsOxfordJournal	1	1804	11	14	TheMorningChronicle	2
1804	11	17	JacksonsOxfordJournal	2	1804	8	9	TheDerbyMercury	4
1804	11	17	JacksonsOxfordJournal	4	1804	11	8	TrewmansExeterFlyingPost	2
1804	11	19	CaledonianMercury	2	1804	11	17	TheMorningChronicle	2
1804	11	19	HampshireTelegraphandSussexChronicleetc	2	1804	11	17	CaledonianMercury	2
1804	11	19	HampshireTelegraphandSussexChronicleetc	4	1804	11	14	TheMorningChronicle	2
1804	11	20	TheHullPacket	1	1804	11	17	JacksonsOxfordJournal	4
1804	11	20	TheHullPacket	4	1804	11	17	JacksonsOxfordJournal	1
1804	11	22	CaledonianMercury	2	1804	11	20	TheMorningChronicle	2
1804	11	22	TheDerbyMercury	1	1804	11	19	CaledonianMercury	2
1804	11	22	TheDerbyMercury	4	1804	7	21	JacksonsOxfordJournal	4
1804	11	22	TrewmansExeterFlyingPost	4	1804	11	21	TheMorningChronicle	2
1804	11	24	CaledonianMercury	2	1804	11	21	TheMorningChronicle	2
1804	11	24	JacksonsOxfordJournal	2	1804	11	21	TheMorningChronicle	2
1804	11	24	JacksonsOxfordJournal	4	1804	11	22	CaledonianMercury	2
1804	11	26	CaledonianMercury	2	1804	11	23	TheMorningChronicle	2
1804	11	26	CaledonianMercury	3	1804	11	23	TheMorningChronicle	4
1804	11	26	HampshireTelegraphandSussexChronicleetc	2	1804	11	24	CaledonianMercury	2
1804	11	26	HampshireTelegraphandSussexChronicleetc	4	1804	11	24	CaledonianMercury	2
1804	11	27	TheHullPacket	4	1804	11	22	CaledonianMercury	2
1804	11	28	TheAberdeenJournal	1	1804	11	17	CaledonianMercury	4
1804	11	28	TheAberdeenJournal	3	1804	11	22	CaledonianMercury	3
1804	11	29	CaledonianMercury	2	1804	11	26	TheMorningChronicle	2
1804	11	29	TheDerbyMercury	4	1804	8	2	TrewmansExeterFlyingPost	3
1804	11	29	TrewmansExeterFlyingPost	1	1804	11	24	CaledonianMercury	2
1804	11	29	TrewmansExeterFlyingPost	4	1804	11	27	TheMorningChronicle	2
1804	12	1	CaledonianMercury	2	1804	11	29	TheMorningChronicle	2
1804	12	1	CaledonianMercury	3	1804	11	29	TheMorningChronicle	3
1804	12	3	CaledonianMercury	3	1804	12	1	JacksonsOxfordJournal	2
1804	12	4	TheHullPacket	4	1804	12	1	JacksonsOxfordJournal	4
1804	12	5	TheAberdeenJournal	3	1804	11	26	CaledonianMercury	3
1804	12	6	TheDerbyMercury	3	1804	12	1	JacksonsOxfordJournal	3
1804	12	6	TheDerbyMercury	4	1804	10	12	TheMorningChronicle	1
1804	12	6	TrewmansExeterFlyingPost	1	1804	12	1	TheMorningChronicle	3
1804	12	6	TrewmansExeterFlyingPost	2	1804	11	29	TheMorningChronicle	3
1804	12	8	CaledonianMercury	2	1804	12	5	TheMorningChronicle	2
1804	12	8	CobbettsWeeklyPoliticalRegister	12	1804	11	22	CaledonianMercury	2
1804	12	11	TheHullPacket	4	1804	12	1	JacksonsOxfordJournal	2
1804	12	12	TheAberdeenJournal	4	1804	11	15	CaledonianMercury	1
1804	12	13	TheDerbyMercury	1	1804	12	10	CaledonianMercury	2
1804	12	13	TheDerbyMercury	4	1804	8	30	TrewmansExeterFlyingPost	3
1804	12	13	TrewmansExeterFlyingPost	1	1804	12	10	CaledonianMercury	2
1804	12	15	CaledonianMercury	2	1804	12	12	TheMorningChronicle	3
1804	12	15	CaledonianMercury	3	1804	12	12	TheMorningChronicle	3
1804	12	15	JacksonsOxfordJournal	1	1804	12	13	CaledonianMercury	2
1804	12	15	JacksonsOxfordJournal	2	1804	12	12	TheMorningChronicle	2
1804	12	17	CaledonianMercury	2	1804	12	15	TheMorningChronicle	2
1804	12	17	HampshireTelegraphandSussexChronicleetc	2	1804	12	15	JacksonsOxfordJournal	4
1804	12	18	TheHullPacket	2	1804	10	1	HampshireTelegraphandSussexChronicleetc	4
1804	12	18	TheHullPacket	3	1804	12	17	TheMorningChronicle	2
1804	12	18	TheHullPacket	4	1804	12	15	JacksonsOxfordJournal	3
1804	12	20	CaledonianMercury	2	1804	12	17	TheMorningChronicle	2
1804	12	20	TheDerbyMercury	1	1804	6	23	JacksonsOxfordJournal	1
1804	12	20	TheDerbyMercury	2	1804	12	15	TheMorningChronicle	3
1804	12	20	TrewmansExeterFlyingPost	1	1804	12	17	CaledonianMercury	2
1804	12	20	TrewmansExeterFlyingPost	2	1804	12	17	TheMorningChronicle	2
1804	12	20	TrewmansExeterFlyingPost	3	1804	8	9	TheDerbyMercury	4
1804	12	22	CaledonianMercury	2	1804	12	20	TheMorningChronicle	2
1804	12	22	JacksonsOxfordJournal	1	1804	12	15	TheMorningChronicle	3
1804	12	22	JacksonsOxfordJournal	2	1804	12	20	TheMorningChronicle	2
1804	12	22	JacksonsOxfordJournal	4	1804	12	20	TrewmansExeterFlyingPost	2
1804	12	22	TheIpswichJournal	1	1804	7	7	JacksonsOxfordJournal	4
1804	12	24	CaledonianMercury	2	1804	12	13	TheMorningChronicle	3
1804	12	24	CaledonianMercury	3	1804	12	21	TheMorningChronicle	4
1804	12	25	TheHullPacket	4	1804	12	15	TheMorningChronicle	2
1804	12	26	TheAberdeenJournal	3	1804	12	20	CaledonianMercury	2
1804	12	27	CaledonianMercury	2	1804	12	24	TheMorningChronicle	3
1804	12	27	CaledonianMercury	3	1804	12	24	TheMorningChronicle	4
1804	12	27	TheDerbyMercury	1	1804	6	30	JacksonsOxfordJournal	4
1804	12	27	TrewmansExeterFlyingPost	1	1804	12	24	CaledonianMercury	3
1804	12	27	TrewmansExeterFlyingPost	2	1804	6	30	JacksonsOxfordJournal	4
1804	12	27	TrewmansExeterFlyingPost	3	1804	12	24	CaledonianMercury	2
1804	12	27	TrewmansExeterFlyingPost	4	1804	12	26	TheMorningChronicle	2
1804	12	29	CaledonianMercury	2	1804	12	24	TheMorningChronicle	3
1804	12	29	CobbettsWeeklyPoliticalRegister	5	1804	12	24	TheMorningChronicle	3
1804	12	29	CobbettsWeeklyPoliticalRegister	7	1804	12	26	TheMorningChronicle	3
1804	12	29	CobbettsWeeklyPoliticalRegister	8	1804	12	26	TheMorningChronicle	3
1804	12	29	CobbettsWeeklyPoliticalRegister	10	1804	12	26	TheMorningChronicle	4
1804	12	29	CobbettsWeeklyPoliticalRegister	11	1804	12	26	TheMorningChronicle	4
1804	12	29	JacksonsOxfordJournal	1	1804	6	26	TheHullPacket	1
1804	12	29	JacksonsOxfordJournal	4	1804	12	21	TheMorningChronicle	4
1804	12	31	CaledonianMercury	2	1804	12	28	TheMorningChronicle	4
1804	12	31	CaledonianMercury	3	1804	12	28	TheMorningChronicle	3
1804	12	31	HampshireTelegraphandSussexChronicleetc	1	1804	12	27	CaledonianMercury	3
1804	12	31	HampshireTelegraphandSussexChronicleetc	2	1804	12	29	CaledonianMercury	3
1805	1	3	CaledonianMercury	2	1804	12	28	TheMorningChronicle	2
1805	1	3	CaledonianMercury	3	1804	12	29	TheMorningChronicle	3
1805	1	3	TheDerbyMercury	1	1804	7	7	JacksonsOxfordJournal	4
1805	1	3	TrewmansExeterFlyingPost	2	1804	11	29	TheDerbyMercury	4
1805	1	3	TrewmansExeterFlyingPost	3	1804	12	29	JacksonsOxfordJournal	1
1805	1	5	CobbettsWeeklyPoliticalRegister	4	1804	12	20	CaledonianMercury	2
1805	1	5	CobbettsWeeklyPoliticalRegister	5	1804	12	20	CaledonianMercury	2
1805	1	5	TheIpswichJournal	1	1804	9	22	JacksonsOxfordJournal	1
1805	1	7	CaledonianMercury	4	1804	12	28	TheMorningChronicle	4
1805	1	16	TheAberdeenJournal	1	1804	12	22	JacksonsOxfordJournal	1
1805	1	17	TrewmansExeterFlyingPost	3	1804	10	6	JacksonsOxfordJournal	2
1805	1	28	CaledonianMercury	1	1804	9	22	TheMorningChronicle	1
1805	1	31	TheDerbyMercury	4	1804	11	1	TrewmansExeterFlyingPost	3
1805	1	31	TrewmansExeterFlyingPost	3	1804	8	2	TheDerbyMercury	4
1805	2	2	TheNewcastleCourantetc	2	1804	10	18	CaledonianMercury	1
1805	2	4	CaledonianMercury	4	1804	10	18	TheDerbyMercury	4
1805	3	2	CobbettsWeeklyPoliticalRegister	5	1804	12	20	CaledonianMercury	2
1805	3	21	TheDerbyMercury	1	1804	12	22	JacksonsOxfordJournal	4
1805	3	28	TheDerbyMercury	4	1804	12	20	TrewmansExeterFlyingPost	3
1805	4	4	TrewmansExeterFlyingPost	3	1804	11	1	TheDerbyMercury	4
1805	5	16	TrewmansExeterFlyingPost	3	1804	11	1	TheDerbyMercury	4
1805	6	6	TrewmansExeterFlyingPost	3	1804	11	29	TheDerbyMercury	4
1805	6	8	TheNewcastleCourantetc	3	1804	12	20	TrewmansExeterFlyingPost	3